<?xml version="1.0" encoding="UTF-8"?><unload unload_date="2021-06-22 06:06:32">
<sys_remote_update_set action="INSERT_OR_UPDATE">
<application display_value="Global">global</application>
<application_name>Global</application_name>
<application_scope>global</application_scope>
<application_version/>
<collisions/>
<commit_date/>
<deleted/>
<description/>
<inserted/>
<name>AppRegistry_EC2&amp;RDS_form view</name>
<origin_sys_id/>
<parent display_value=""/>
<release_date/>
<remote_base_update_set display_value=""/>
<remote_parent_id/>
<remote_sys_id>6501d787db387450dbe827291396197a</remote_sys_id>
<state>loaded</state>
<summary/>
<sys_class_name>sys_remote_update_set</sys_class_name>
<sys_created_by>sureshp</sys_created_by>
<sys_created_on>2021-06-22 06:06:31</sys_created_on>
<sys_id>6e0d9f07db787450dbe8272913961920</sys_id>
<sys_mod_count>0</sys_mod_count>
<sys_updated_by>sureshp</sys_updated_by>
<sys_updated_on>2021-06-22 06:06:31</sys_updated_on>
<update_set display_value=""/>
<update_source display_value=""/>
<updated/>
</sys_remote_update_set>
<sys_update_xml action="INSERT_OR_UPDATE">
<action>INSERT_OR_UPDATE</action>
<application display_value="Global">global</application>
<category>customer</category>
<comments/>
<name>sys_ui_section_c83a5c6edbd76c10dbe82729139619af</name>
<payload><![CDATA[<?xml version="1.0" encoding="UTF-8"?><record_update><sys_ui_section caption="" section_id="c83a5c6edbd76c10dbe82729139619af" sys_domain="global" table="cmdb_ci_cloud_database" version="3" view=""><sys_ui_element action="INSERT_OR_UPDATE"><element>name</element><position>0</position><sys_created_by>sureshp</sys_created_by><sys_created_on>2021-06-21 15:45:49</sys_created_on><sys_id>2e08dc87db343450dbe8272913961900</sys_id><sys_mod_count>0</sys_mod_count><sys_ui_formatter/><sys_ui_section caption="NULL" display_value="" name="cmdb_ci_cloud_database" sys_domain="global" view="Default view">c83a5c6edbd76c10dbe82729139619af</sys_ui_section><sys_updated_by>sureshp</sys_updated_by><sys_updated_on>2021-06-21 15:45:49</sys_updated_on><sys_user/><type/></sys_ui_element><sys_ui_element action="INSERT_OR_UPDATE"><element>object_id</element><position>1</position><sys_created_by>sureshp</sys_created_by><sys_created_on>2021-06-21 15:45:49</sys_created_on><sys_id>a208dc87db343450dbe8272913961901</sys_id><sys_mod_count>0</sys_mod_count><sys_ui_formatter/><sys_ui_section caption="NULL" display_value="" name="cmdb_ci_cloud_database" sys_domain="global" view="Default view">c83a5c6edbd76c10dbe82729139619af</sys_ui_section><sys_updated_by>sureshp</sys_updated_by><sys_updated_on>2021-06-21 15:45:49</sys_updated_on><sys_user/><type/></sys_ui_element><sys_ui_element action="INSERT_OR_UPDATE"><element>x_rela_app_registr_account_name</element><position>2</position><sys_created_by>sureshp</sys_created_by><sys_created_on>2021-06-21 15:45:49</sys_created_on><sys_id>2608dc87db343450dbe8272913961901</sys_id><sys_mod_count>0</sys_mod_count><sys_ui_formatter/><sys_ui_section caption="NULL" display_value="" name="cmdb_ci_cloud_database" sys_domain="global" view="Default view">c83a5c6edbd76c10dbe82729139619af</sys_ui_section><sys_updated_by>sureshp</sys_updated_by><sys_updated_on>2021-06-21 15:45:49</sys_updated_on><sys_user/><type/></sys_ui_element><sys_ui_element action="INSERT_OR_UPDATE"><element>x_rela_app_registr_account_id</element><position>3</position><sys_created_by>sureshp</sys_created_by><sys_created_on>2021-06-21 15:45:49</sys_created_on><sys_id>a608dc87db343450dbe8272913961901</sys_id><sys_mod_count>0</sys_mod_count><sys_ui_formatter/><sys_ui_section caption="NULL" display_value="" name="cmdb_ci_cloud_database" sys_domain="global" view="Default view">c83a5c6edbd76c10dbe82729139619af</sys_ui_section><sys_updated_by>sureshp</sys_updated_by><sys_updated_on>2021-06-21 15:45:49</sys_updated_on><sys_user/><type/></sys_ui_element><sys_ui_element action="INSERT_OR_UPDATE"><element>x_rela_app_registr_region</element><position>4</position><sys_created_by>sureshp</sys_created_by><sys_created_on>2021-06-21 15:45:49</sys_created_on><sys_id>2a08dc87db343450dbe8272913961901</sys_id><sys_mod_count>0</sys_mod_count><sys_ui_formatter/><sys_ui_section caption="NULL" display_value="" name="cmdb_ci_cloud_database" sys_domain="global" view="Default view">c83a5c6edbd76c10dbe82729139619af</sys_ui_section><sys_updated_by>sureshp</sys_updated_by><sys_updated_on>2021-06-21 15:45:49</sys_updated_on><sys_user/><type/></sys_ui_element><sys_ui_element action="INSERT_OR_UPDATE"><element>x_rela_app_registr_application_name</element><position>5</position><sys_created_by>sureshp</sys_created_by><sys_created_on>2021-06-21 15:45:49</sys_created_on><sys_id>aa08dc87db343450dbe8272913961901</sys_id><sys_mod_count>0</sys_mod_count><sys_ui_formatter/><sys_ui_section caption="NULL" display_value="" name="cmdb_ci_cloud_database" sys_domain="global" view="Default view">c83a5c6edbd76c10dbe82729139619af</sys_ui_section><sys_updated_by>sureshp</sys_updated_by><sys_updated_on>2021-06-21 15:45:49</sys_updated_on><sys_user/><type/></sys_ui_element><sys_ui_element action="INSERT_OR_UPDATE"><element>.split</element><position>6</position><sys_created_by>sureshp</sys_created_by><sys_created_on>2021-06-21 15:45:49</sys_created_on><sys_id>2e08dc87db343450dbe8272913961901</sys_id><sys_mod_count>0</sys_mod_count><sys_ui_formatter/><sys_ui_section caption="NULL" display_value="" name="cmdb_ci_cloud_database" sys_domain="global" view="Default view">c83a5c6edbd76c10dbe82729139619af</sys_ui_section><sys_updated_by>sureshp</sys_updated_by><sys_updated_on>2021-06-21 15:45:49</sys_updated_on><sys_user/><type>.split</type></sys_ui_element><sys_ui_element action="INSERT_OR_UPDATE"><element>operational_status</element><position>7</position><sys_created_by>sureshp</sys_created_by><sys_created_on>2021-06-21 15:45:49</sys_created_on><sys_id>ae08dc87db343450dbe8272913961901</sys_id><sys_mod_count>0</sys_mod_count><sys_ui_formatter/><sys_ui_section caption="NULL" display_value="" name="cmdb_ci_cloud_database" sys_domain="global" view="Default view">c83a5c6edbd76c10dbe82729139619af</sys_ui_section><sys_updated_by>sureshp</sys_updated_by><sys_updated_on>2021-06-21 15:45:49</sys_updated_on><sys_user/><type/></sys_ui_element><sys_ui_element action="INSERT_OR_UPDATE"><element>version</element><position>8</position><sys_created_by>sureshp</sys_created_by><sys_created_on>2021-06-21 15:45:49</sys_created_on><sys_id>2208dc87db343450dbe8272913961902</sys_id><sys_mod_count>0</sys_mod_count><sys_ui_formatter/><sys_ui_section caption="NULL" display_value="" name="cmdb_ci_cloud_database" sys_domain="global" view="Default view">c83a5c6edbd76c10dbe82729139619af</sys_ui_section><sys_updated_by>sureshp</sys_updated_by><sys_updated_on>2021-06-21 15:45:49</sys_updated_on><sys_user/><type/></sys_ui_element><sys_ui_element action="INSERT_OR_UPDATE"><element>tcp_port</element><position>9</position><sys_created_by>sureshp</sys_created_by><sys_created_on>2021-06-21 15:45:49</sys_created_on><sys_id>a208dc87db343450dbe8272913961902</sys_id><sys_mod_count>0</sys_mod_count><sys_ui_formatter/><sys_ui_section caption="NULL" display_value="" name="cmdb_ci_cloud_database" sys_domain="global" view="Default view">c83a5c6edbd76c10dbe82729139619af</sys_ui_section><sys_updated_by>sureshp</sys_updated_by><sys_updated_on>2021-06-21 15:45:49</sys_updated_on><sys_user/><type/></sys_ui_element><sys_ui_element action="INSERT_OR_UPDATE"><element>install_date</element><position>10</position><sys_created_by>sureshp</sys_created_by><sys_created_on>2021-06-21 15:45:49</sys_created_on><sys_id>2608dc87db343450dbe8272913961902</sys_id><sys_mod_count>0</sys_mod_count><sys_ui_formatter/><sys_ui_section caption="NULL" display_value="" name="cmdb_ci_cloud_database" sys_domain="global" view="Default view">c83a5c6edbd76c10dbe82729139619af</sys_ui_section><sys_updated_by>sureshp</sys_updated_by><sys_updated_on>2021-06-21 15:45:49</sys_updated_on><sys_user/><type/></sys_ui_element><sys_ui_element action="INSERT_OR_UPDATE"><element>category</element><position>11</position><sys_created_by>sureshp</sys_created_by><sys_created_on>2021-06-21 15:45:49</sys_created_on><sys_id>a608dc87db343450dbe8272913961902</sys_id><sys_mod_count>0</sys_mod_count><sys_ui_formatter/><sys_ui_section caption="NULL" display_value="" name="cmdb_ci_cloud_database" sys_domain="global" view="Default view">c83a5c6edbd76c10dbe82729139619af</sys_ui_section><sys_updated_by>sureshp</sys_updated_by><sys_updated_on>2021-06-21 15:45:49</sys_updated_on><sys_user/><type/></sys_ui_element><sys_ui_element action="INSERT_OR_UPDATE"><element>.end_split</element><position>12</position><sys_created_by>sureshp</sys_created_by><sys_created_on>2021-06-21 15:45:49</sys_created_on><sys_id>2a08dc87db343450dbe8272913961902</sys_id><sys_mod_count>0</sys_mod_count><sys_ui_formatter/><sys_ui_section caption="NULL" display_value="" name="cmdb_ci_cloud_database" sys_domain="global" view="Default view">c83a5c6edbd76c10dbe82729139619af</sys_ui_section><sys_updated_by>sureshp</sys_updated_by><sys_updated_on>2021-06-21 15:45:49</sys_updated_on><sys_user/><type>.end_split</type></sys_ui_element><sys_ui_element action="INSERT_OR_UPDATE"><element>ui_ng_relation_formatter.xml</element><position>13</position><sys_created_by>sureshp</sys_created_by><sys_created_on>2021-06-21 15:45:49</sys_created_on><sys_id>aa08dc87db343450dbe8272913961902</sys_id><sys_mod_count>0</sys_mod_count><sys_ui_formatter display_value="CI Relations">b62309137f32310009fedf92bdfa912b</sys_ui_formatter><sys_ui_section caption="NULL" display_value="" name="cmdb_ci_cloud_database" sys_domain="global" view="Default view">c83a5c6edbd76c10dbe82729139619af</sys_ui_section><sys_updated_by>sureshp</sys_updated_by><sys_updated_on>2021-06-21 15:45:49</sys_updated_on><sys_user/><type>formatter</type></sys_ui_element><sys_ui_section action="INSERT_OR_UPDATE"><caption/><header>false</header><name>cmdb_ci_cloud_database</name><roles/><sys_class_name>sys_ui_section</sys_class_name><sys_created_by>sureshp</sys_created_by><sys_created_on>2021-04-06 13:04:02</sys_created_on><sys_domain>global</sys_domain><sys_domain_path>/</sys_domain_path><sys_id>c83a5c6edbd76c10dbe82729139619af</sys_id><sys_mod_count>0</sys_mod_count><sys_name>cmdb_ci_cloud_database</sys_name><sys_overrides/><sys_package display_value="Configuration Management (CMDB)" source="com.snc.cmdb">9dfe5348db3033009927596e5e9619c0</sys_package><sys_policy/><sys_scope display_value="Global">global</sys_scope><sys_update_name>sys_ui_section_c83a5c6edbd76c10dbe82729139619af</sys_update_name><sys_updated_by>sureshp</sys_updated_by><sys_updated_on>2021-04-06 13:04:02</sys_updated_on><sys_user/><title>true</title><view display_value="Default view" name="NULL">Default view</view><view_name/></sys_ui_section></sys_ui_section></record_update>]]></payload>
<payload_hash>-1740522911</payload_hash>
<remote_update_set display_value="AppRegistry_EC2&amp;RDS_form view">6e0d9f07db787450dbe8272913961920</remote_update_set>
<replace_on_upgrade>false</replace_on_upgrade>
<sys_created_by>sureshp</sys_created_by>
<sys_created_on>2021-06-22 06:06:31</sys_created_on>
<sys_id>660d9f07db787450dbe8272913961921</sys_id>
<sys_mod_count>0</sys_mod_count>
<sys_recorded_at>17a2f3fd05d0000001</sys_recorded_at>
<sys_updated_by>sureshp</sys_updated_by>
<sys_updated_on>2021-06-22 06:06:31</sys_updated_on>
<table>cmdb_ci_cloud_database</table>
<target_name>Cloud DataBase</target_name>
<type>Form Layout</type>
<update_domain>global</update_domain>
<update_guid>2e08dc87ce34345007b50db4ce1a8504</update_guid>
<update_guid_history>2e08dc87ce34345007b50db4ce1a8504:-1740522911,6ca45483e23434500ce5a69ecd4d5379:1190354869,7fe2d8cfa1f034507fedf00a0bdfdf10:-1974610380,b1ec80038d3074502b94d8dc8b42f43a:2068470339,453604f31008381058b22ab23f43c3e4:-1357365495,e0b1dbeb02043810d83800f4962a8981:-1601618790,b24a46166bccf010f63f8c4d8da327ae:530297918,6e4ac21663ccf01065f7d257339c6336:1900473841</update_guid_history>
<update_set display_value=""/>
<view/>
</sys_update_xml>
<sys_update_xml action="INSERT_OR_UPDATE">
<action>INSERT_OR_UPDATE</action>
<application display_value="Global">global</application>
<category>customer</category>
<comments/>
<name>sys_ui_section_9bf5f1670ab301502410ae398a6fe952</name>
<payload><![CDATA[<?xml version="1.0" encoding="UTF-8"?><record_update><sys_ui_section caption="" section_id="9bf5f1670ab301502410ae398a6fe952" sys_domain="global" table="cmdb_ci_vm_instance" version="3" view=""><sys_ui_element action="INSERT_OR_UPDATE"><element>name</element><position>0</position><sys_created_by>sureshp</sys_created_by><sys_created_on>2021-06-21 15:43:59</sys_created_on><sys_id>bb975487db343450dbe82729139619e7</sys_id><sys_mod_count>0</sys_mod_count><sys_ui_formatter/><sys_ui_section caption="NULL" display_value="" name="cmdb_ci_vm_instance" sys_domain="global" view="Default view">9bf5f1670ab301502410ae398a6fe952</sys_ui_section><sys_updated_by>sureshp</sys_updated_by><sys_updated_on>2021-06-21 15:43:59</sys_updated_on><sys_user/><type/></sys_ui_element><sys_ui_element action="INSERT_OR_UPDATE"><element>object_id</element><position>1</position><sys_created_by>sureshp</sys_created_by><sys_created_on>2021-06-21 15:43:59</sys_created_on><sys_id>3f975487db343450dbe82729139619e7</sys_id><sys_mod_count>0</sys_mod_count><sys_ui_formatter/><sys_ui_section caption="NULL" display_value="" name="cmdb_ci_vm_instance" sys_domain="global" view="Default view">9bf5f1670ab301502410ae398a6fe952</sys_ui_section><sys_updated_by>sureshp</sys_updated_by><sys_updated_on>2021-06-21 15:43:59</sys_updated_on><sys_user/><type/></sys_ui_element><sys_ui_element action="INSERT_OR_UPDATE"><element>x_rela_app_registr_account_name</element><position>2</position><sys_created_by>sureshp</sys_created_by><sys_created_on>2021-06-21 15:43:59</sys_created_on><sys_id>bf975487db343450dbe82729139619e7</sys_id><sys_mod_count>0</sys_mod_count><sys_ui_formatter/><sys_ui_section caption="NULL" display_value="" name="cmdb_ci_vm_instance" sys_domain="global" view="Default view">9bf5f1670ab301502410ae398a6fe952</sys_ui_section><sys_updated_by>sureshp</sys_updated_by><sys_updated_on>2021-06-21 15:43:59</sys_updated_on><sys_user/><type/></sys_ui_element><sys_ui_element action="INSERT_OR_UPDATE"><element>x_rela_app_registr_account_id</element><position>3</position><sys_created_by>sureshp</sys_created_by><sys_created_on>2021-06-21 15:43:59</sys_created_on><sys_id>33975487db343450dbe82729139619e8</sys_id><sys_mod_count>0</sys_mod_count><sys_ui_formatter/><sys_ui_section caption="NULL" display_value="" name="cmdb_ci_vm_instance" sys_domain="global" view="Default view">9bf5f1670ab301502410ae398a6fe952</sys_ui_section><sys_updated_by>sureshp</sys_updated_by><sys_updated_on>2021-06-21 15:43:59</sys_updated_on><sys_user/><type/></sys_ui_element><sys_ui_element action="INSERT_OR_UPDATE"><element>x_rela_app_registr_region</element><position>4</position><sys_created_by>sureshp</sys_created_by><sys_created_on>2021-06-21 15:43:59</sys_created_on><sys_id>b3975487db343450dbe82729139619e8</sys_id><sys_mod_count>0</sys_mod_count><sys_ui_formatter/><sys_ui_section caption="NULL" display_value="" name="cmdb_ci_vm_instance" sys_domain="global" view="Default view">9bf5f1670ab301502410ae398a6fe952</sys_ui_section><sys_updated_by>sureshp</sys_updated_by><sys_updated_on>2021-06-21 15:43:59</sys_updated_on><sys_user/><type/></sys_ui_element><sys_ui_element action="INSERT_OR_UPDATE"><element>x_rela_app_registr_application_name</element><position>5</position><sys_created_by>sureshp</sys_created_by><sys_created_on>2021-06-21 15:43:59</sys_created_on><sys_id>37975487db343450dbe82729139619e8</sys_id><sys_mod_count>0</sys_mod_count><sys_ui_formatter/><sys_ui_section caption="NULL" display_value="" name="cmdb_ci_vm_instance" sys_domain="global" view="Default view">9bf5f1670ab301502410ae398a6fe952</sys_ui_section><sys_updated_by>sureshp</sys_updated_by><sys_updated_on>2021-06-21 15:43:59</sys_updated_on><sys_user/><type/></sys_ui_element><sys_ui_element action="INSERT_OR_UPDATE"><element>.split</element><position>6</position><sys_created_by>sureshp</sys_created_by><sys_created_on>2021-06-21 15:43:59</sys_created_on><sys_id>b7975487db343450dbe82729139619e8</sys_id><sys_mod_count>0</sys_mod_count><sys_ui_formatter/><sys_ui_section caption="NULL" display_value="" name="cmdb_ci_vm_instance" sys_domain="global" view="Default view">9bf5f1670ab301502410ae398a6fe952</sys_ui_section><sys_updated_by>sureshp</sys_updated_by><sys_updated_on>2021-06-21 15:43:59</sys_updated_on><sys_user/><type>.split</type></sys_ui_element><sys_ui_element action="INSERT_OR_UPDATE"><element>state</element><position>7</position><sys_created_by>sureshp</sys_created_by><sys_created_on>2021-06-21 15:43:59</sys_created_on><sys_id>3b975487db343450dbe82729139619e8</sys_id><sys_mod_count>0</sys_mod_count><sys_ui_formatter/><sys_ui_section caption="NULL" display_value="" name="cmdb_ci_vm_instance" sys_domain="global" view="Default view">9bf5f1670ab301502410ae398a6fe952</sys_ui_section><sys_updated_by>sureshp</sys_updated_by><sys_updated_on>2021-06-21 15:43:59</sys_updated_on><sys_user/><type/></sys_ui_element><sys_ui_element action="INSERT_OR_UPDATE"><element>cpus</element><position>8</position><sys_created_by>sureshp</sys_created_by><sys_created_on>2021-06-21 15:43:59</sys_created_on><sys_id>bb975487db343450dbe82729139619e8</sys_id><sys_mod_count>0</sys_mod_count><sys_ui_formatter/><sys_ui_section caption="NULL" display_value="" name="cmdb_ci_vm_instance" sys_domain="global" view="Default view">9bf5f1670ab301502410ae398a6fe952</sys_ui_section><sys_updated_by>sureshp</sys_updated_by><sys_updated_on>2021-06-21 15:43:59</sys_updated_on><sys_user/><type/></sys_ui_element><sys_ui_element action="INSERT_OR_UPDATE"><element>disks</element><position>9</position><sys_created_by>sureshp</sys_created_by><sys_created_on>2021-06-21 15:43:59</sys_created_on><sys_id>3f975487db343450dbe82729139619e8</sys_id><sys_mod_count>0</sys_mod_count><sys_ui_formatter/><sys_ui_section caption="NULL" display_value="" name="cmdb_ci_vm_instance" sys_domain="global" view="Default view">9bf5f1670ab301502410ae398a6fe952</sys_ui_section><sys_updated_by>sureshp</sys_updated_by><sys_updated_on>2021-06-21 15:43:59</sys_updated_on><sys_user/><type/></sys_ui_element><sys_ui_element action="INSERT_OR_UPDATE"><element>disks_size</element><position>10</position><sys_created_by>sureshp</sys_created_by><sys_created_on>2021-06-21 15:43:59</sys_created_on><sys_id>bf975487db343450dbe82729139619e8</sys_id><sys_mod_count>0</sys_mod_count><sys_ui_formatter/><sys_ui_section caption="NULL" display_value="" name="cmdb_ci_vm_instance" sys_domain="global" view="Default view">9bf5f1670ab301502410ae398a6fe952</sys_ui_section><sys_updated_by>sureshp</sys_updated_by><sys_updated_on>2021-06-21 15:43:59</sys_updated_on><sys_user/><type/></sys_ui_element><sys_ui_element action="INSERT_OR_UPDATE"><element>memory</element><position>11</position><sys_created_by>sureshp</sys_created_by><sys_created_on>2021-06-21 15:43:59</sys_created_on><sys_id>33975487db343450dbe82729139619e9</sys_id><sys_mod_count>0</sys_mod_count><sys_ui_formatter/><sys_ui_section caption="NULL" display_value="" name="cmdb_ci_vm_instance" sys_domain="global" view="Default view">9bf5f1670ab301502410ae398a6fe952</sys_ui_section><sys_updated_by>sureshp</sys_updated_by><sys_updated_on>2021-06-21 15:43:59</sys_updated_on><sys_user/><type/></sys_ui_element><sys_ui_element action="INSERT_OR_UPDATE"><element>nics</element><position>12</position><sys_created_by>sureshp</sys_created_by><sys_created_on>2021-06-21 15:43:59</sys_created_on><sys_id>b3975487db343450dbe82729139619e9</sys_id><sys_mod_count>0</sys_mod_count><sys_ui_formatter/><sys_ui_section caption="NULL" display_value="" name="cmdb_ci_vm_instance" sys_domain="global" view="Default view">9bf5f1670ab301502410ae398a6fe952</sys_ui_section><sys_updated_by>sureshp</sys_updated_by><sys_updated_on>2021-06-21 15:43:59</sys_updated_on><sys_user/><type/></sys_ui_element><sys_ui_element action="INSERT_OR_UPDATE"><element>.end_split</element><position>13</position><sys_created_by>sureshp</sys_created_by><sys_created_on>2021-06-21 15:43:59</sys_created_on><sys_id>37975487db343450dbe82729139619e9</sys_id><sys_mod_count>0</sys_mod_count><sys_ui_formatter/><sys_ui_section caption="NULL" display_value="" name="cmdb_ci_vm_instance" sys_domain="global" view="Default view">9bf5f1670ab301502410ae398a6fe952</sys_ui_section><sys_updated_by>sureshp</sys_updated_by><sys_updated_on>2021-06-21 15:43:59</sys_updated_on><sys_user/><type>.end_split</type></sys_ui_element><sys_ui_element action="INSERT_OR_UPDATE"><element>12M.cmdb_ci_vm_instance.task.cmdb_ci</element><position>14</position><sys_created_by>sureshp</sys_created_by><sys_created_on>2021-06-21 15:43:59</sys_created_on><sys_id>b7975487db343450dbe82729139619e9</sys_id><sys_mod_count>0</sys_mod_count><sys_ui_formatter/><sys_ui_section caption="NULL" display_value="" name="cmdb_ci_vm_instance" sys_domain="global" view="Default view">9bf5f1670ab301502410ae398a6fe952</sys_ui_section><sys_updated_by>sureshp</sys_updated_by><sys_updated_on>2021-06-21 15:43:59</sys_updated_on><sys_user/><type>list</type></sys_ui_element><sys_ui_element action="INSERT_OR_UPDATE"><element>ui_ng_relation_formatter.xml</element><position>15</position><sys_created_by>sureshp</sys_created_by><sys_created_on>2021-06-21 15:43:59</sys_created_on><sys_id>3b975487db343450dbe82729139619e9</sys_id><sys_mod_count>0</sys_mod_count><sys_ui_formatter display_value="CI Relations">b62309137f32310009fedf92bdfa912b</sys_ui_formatter><sys_ui_section caption="NULL" display_value="" name="cmdb_ci_vm_instance" sys_domain="global" view="Default view">9bf5f1670ab301502410ae398a6fe952</sys_ui_section><sys_updated_by>sureshp</sys_updated_by><sys_updated_on>2021-06-21 15:43:59</sys_updated_on><sys_user/><type>formatter</type></sys_ui_element><sys_ui_section action="INSERT_OR_UPDATE"><caption/><header>false</header><name>cmdb_ci_vm_instance</name><roles/><sys_class_name>sys_ui_section</sys_class_name><sys_created_by>tom.dilatush</sys_created_by><sys_created_on>2010-08-22 22:40:40</sys_created_on><sys_domain>global</sys_domain><sys_domain_path>/</sys_domain_path><sys_id>9bf5f1670ab301502410ae398a6fe952</sys_id><sys_mod_count>0</sys_mod_count><sys_name>cmdb_ci_vm_instance</sys_name><sys_overrides display_value="">global</sys_overrides><sys_package display_value="Configuration Management (CMDB)" source="com.snc.cmdb">9dfe5348db3033009927596e5e9619c0</sys_package><sys_policy/><sys_scope display_value="Global">global</sys_scope><sys_update_name>sys_ui_section_9bf5f1670ab301502410ae398a6fe952</sys_update_name><sys_updated_by>tom.dilatush</sys_updated_by><sys_updated_on>2010-08-22 22:40:40</sys_updated_on><sys_user/><title>true</title><view display_value="Default view" name="NULL">Default view</view><view_name/></sys_ui_section></sys_ui_section></record_update>]]></payload>
<payload_hash>-20661887</payload_hash>
<remote_update_set display_value="AppRegistry_EC2&amp;RDS_form view">6e0d9f07db787450dbe8272913961920</remote_update_set>
<replace_on_upgrade>false</replace_on_upgrade>
<sys_created_by>sureshp</sys_created_by>
<sys_created_on>2021-06-22 06:06:31</sys_created_on>
<sys_id>a20d9f07db787450dbe8272913961921</sys_id>
<sys_mod_count>0</sys_mod_count>
<sys_recorded_at>17a2f3e26000000001</sys_recorded_at>
<sys_updated_by>sureshp</sys_updated_by>
<sys_updated_on>2021-06-22 06:06:31</sys_updated_on>
<table>cmdb_ci_vm_instance</table>
<target_name>Virtual Machine Instance</target_name>
<type>Form Layout</type>
<update_domain>global</update_domain>
<update_guid>f3975487553434504efbe6c55cc257f8</update_guid>
<update_guid_history>f3975487553434504efbe6c55cc257f8:-20661887,ca47dc4713343450fd7f6ef27941568e:-519562386,c271dc4fc1f034505cc8aebd87f47335:1656574088,5ccb737266fcf0507fd90bcb5ba2a384:-147810051,a9ab9f729d3cf0505bf9c15be8b1e949:906105245,dfb0cf6e48cc3410e47f3e0e0bb38b5c:1930805007,51fca212ec803410b36bdfcf04cb85b8:60416266,b0d55e9a27003410ab876deb038b33d4:136466611,98ba3bfdfa44b0100650ad2be1f15eae:-525715831,fecb2248d64cf450f8dfb5e29d00ec5c:1480600322,e12beec4414cf450dd31dc479a838108:828059124,e2e68a0b161360509c92baa02dc615d1:-87420769,e816cec77c136050fece9e27e0908a01:1579911934,ec65c2c747136050f3e1e52d9c0ef7c7:1470883029,ab7bf103af136050bc3f5c692bce34a7:-1722272140,fb2f954fe39f20503543c9bb2ff596a9:1493979437,75f915a2f59b6c10f2ea1cddfe8df882:-1758860598,e78448ae51976c107ade90dfa89ff878:585626691,333fab128f976c10d760bc356a9fe794:1895213112,2a53ab887593281099196378ea5c9cda:165428848,93116b04ae932810d86e47f5f1bfb8c6:-1020918939,0be0630428932810f726c13eb6039fd5:-915732195,ecc02fc0c4932810141c4a33dbc67b7c:-873707233,df6063c05c932810a1f86e308b8a4466:-705971646,e5506f80039328101e6341b21059f5f3:-1151988225,7b206b805e932810325ea383ffa5f812:846288751,27ffdf4083932810748ee55a7fd637f9:855983122,81cfd740349328103587d4c552651acd:1819503864,d48e5f8cc8532810e62b43de93f20a65:-1765018043,4facf23a47c3a4105cbb12a25d068e26:-603524883,981cbaf6f9c3a410ce90131b5e40df27:882083017,d1d19daa51036410d8a6153fb116fdd5:1487223912,c241d5aa7c03641010edbf701aacfef4:-637953945,c241d5aa870364109047b6ddd1907294:1613588461</update_guid_history>
<update_set display_value=""/>
<view/>
</sys_update_xml>
</unload>
