<?xml version="1.0" encoding="UTF-8"?><unload unload_date="2021-06-22 06:06:56">
<sys_remote_update_set action="INSERT_OR_UPDATE">
<application display_value="Discovery and Service Mapping Patterns">06a71b1367e4130051c9027e2685ef1e</application>
<application_name>Discovery and Service Mapping Patterns</application_name>
<application_scope>sn_itom_pattern</application_scope>
<application_version>1.0.63</application_version>
<collisions/>
<commit_date/>
<deleted/>
<description>Automatically created by the system</description>
<inserted/>
<name>AppRegistry_S3_form view</name>
<origin_sys_id/>
<parent display_value=""/>
<release_date/>
<remote_base_update_set display_value=""/>
<remote_parent_id/>
<remote_sys_id>063850c7db343450dbe82729139619e2</remote_sys_id>
<state>loaded</state>
<summary/>
<sys_class_name>sys_remote_update_set</sys_class_name>
<sys_created_by>sureshp</sys_created_by>
<sys_created_on>2021-06-22 06:06:56</sys_created_on>
<sys_id>642d5307db787450dbe82729139619f9</sys_id>
<sys_mod_count>0</sys_mod_count>
<sys_updated_by>sureshp</sys_updated_by>
<sys_updated_on>2021-06-22 06:06:56</sys_updated_on>
<update_set display_value=""/>
<update_source display_value=""/>
<updated/>
</sys_remote_update_set>
<sys_update_xml action="INSERT_OR_UPDATE">
<action>INSERT_OR_UPDATE</action>
<application display_value="Discovery and Service Mapping Patterns">06a71b1367e4130051c9027e2685ef1e</application>
<category>customer</category>
<comments/>
<name>sys_ui_section_f23572461bb718108e614156bc4bcbaf</name>
<payload><![CDATA[<?xml version="1.0" encoding="UTF-8"?><record_update><sys_ui_section caption="" section_id="f23572461bb718108e614156bc4bcbaf" sys_domain="global" table="cmdb_ci_cloud_object_storage" version="3" view=""><sys_ui_element action="INSERT_OR_UPDATE"><element>name</element><position>0</position><sys_created_by>sureshp</sys_created_by><sys_created_on>2021-06-21 15:47:18</sys_created_on><sys_id>546854c7db343450dbe82729139619ba</sys_id><sys_mod_count>0</sys_mod_count><sys_ui_formatter/><sys_ui_section caption="NULL" display_value="" name="cmdb_ci_cloud_object_storage" sys_domain="global" view="Default view">f23572461bb718108e614156bc4bcbaf</sys_ui_section><sys_updated_by>sureshp</sys_updated_by><sys_updated_on>2021-06-21 15:47:18</sys_updated_on><sys_user/><type/></sys_ui_element><sys_ui_element action="INSERT_OR_UPDATE"><element>object_id</element><position>1</position><sys_created_by>sureshp</sys_created_by><sys_created_on>2021-06-21 15:47:18</sys_created_on><sys_id>d46854c7db343450dbe82729139619ba</sys_id><sys_mod_count>0</sys_mod_count><sys_ui_formatter/><sys_ui_section caption="NULL" display_value="" name="cmdb_ci_cloud_object_storage" sys_domain="global" view="Default view">f23572461bb718108e614156bc4bcbaf</sys_ui_section><sys_updated_by>sureshp</sys_updated_by><sys_updated_on>2021-06-21 15:47:18</sys_updated_on><sys_user/><type/></sys_ui_element><sys_ui_element action="INSERT_OR_UPDATE"><element>x_rela_app_registr_account_name</element><position>2</position><sys_created_by>sureshp</sys_created_by><sys_created_on>2021-06-21 15:47:18</sys_created_on><sys_id>586854c7db343450dbe82729139619ba</sys_id><sys_mod_count>0</sys_mod_count><sys_ui_formatter/><sys_ui_section caption="NULL" display_value="" name="cmdb_ci_cloud_object_storage" sys_domain="global" view="Default view">f23572461bb718108e614156bc4bcbaf</sys_ui_section><sys_updated_by>sureshp</sys_updated_by><sys_updated_on>2021-06-21 15:47:18</sys_updated_on><sys_user/><type/></sys_ui_element><sys_ui_element action="INSERT_OR_UPDATE"><element>x_rela_app_registr_account_id</element><position>3</position><sys_created_by>sureshp</sys_created_by><sys_created_on>2021-06-21 15:47:18</sys_created_on><sys_id>d86854c7db343450dbe82729139619ba</sys_id><sys_mod_count>0</sys_mod_count><sys_ui_formatter/><sys_ui_section caption="NULL" display_value="" name="cmdb_ci_cloud_object_storage" sys_domain="global" view="Default view">f23572461bb718108e614156bc4bcbaf</sys_ui_section><sys_updated_by>sureshp</sys_updated_by><sys_updated_on>2021-06-21 15:47:18</sys_updated_on><sys_user/><type/></sys_ui_element><sys_ui_element action="INSERT_OR_UPDATE"><element>x_rela_app_registr_region</element><position>4</position><sys_created_by>sureshp</sys_created_by><sys_created_on>2021-06-21 15:47:18</sys_created_on><sys_id>5c6854c7db343450dbe82729139619ba</sys_id><sys_mod_count>0</sys_mod_count><sys_ui_formatter/><sys_ui_section caption="NULL" display_value="" name="cmdb_ci_cloud_object_storage" sys_domain="global" view="Default view">f23572461bb718108e614156bc4bcbaf</sys_ui_section><sys_updated_by>sureshp</sys_updated_by><sys_updated_on>2021-06-21 15:47:18</sys_updated_on><sys_user/><type/></sys_ui_element><sys_ui_element action="INSERT_OR_UPDATE"><element>x_rela_app_registr_application_name</element><position>5</position><sys_created_by>sureshp</sys_created_by><sys_created_on>2021-06-21 15:47:18</sys_created_on><sys_id>dc6854c7db343450dbe82729139619ba</sys_id><sys_mod_count>0</sys_mod_count><sys_ui_formatter/><sys_ui_section caption="NULL" display_value="" name="cmdb_ci_cloud_object_storage" sys_domain="global" view="Default view">f23572461bb718108e614156bc4bcbaf</sys_ui_section><sys_updated_by>sureshp</sys_updated_by><sys_updated_on>2021-06-21 15:47:18</sys_updated_on><sys_user/><type/></sys_ui_element><sys_ui_element action="INSERT_OR_UPDATE"><element>.split</element><position>6</position><sys_created_by>sureshp</sys_created_by><sys_created_on>2021-06-21 15:47:18</sys_created_on><sys_id>506854c7db343450dbe82729139619bb</sys_id><sys_mod_count>0</sys_mod_count><sys_ui_formatter/><sys_ui_section caption="NULL" display_value="" name="cmdb_ci_cloud_object_storage" sys_domain="global" view="Default view">f23572461bb718108e614156bc4bcbaf</sys_ui_section><sys_updated_by>sureshp</sys_updated_by><sys_updated_on>2021-06-21 15:47:18</sys_updated_on><sys_user/><type>.split</type></sys_ui_element><sys_ui_element action="INSERT_OR_UPDATE"><element>operational_status</element><position>7</position><sys_created_by>sureshp</sys_created_by><sys_created_on>2021-06-21 15:47:18</sys_created_on><sys_id>d06854c7db343450dbe82729139619bb</sys_id><sys_mod_count>0</sys_mod_count><sys_ui_formatter/><sys_ui_section caption="NULL" display_value="" name="cmdb_ci_cloud_object_storage" sys_domain="global" view="Default view">f23572461bb718108e614156bc4bcbaf</sys_ui_section><sys_updated_by>sureshp</sys_updated_by><sys_updated_on>2021-06-21 15:47:18</sys_updated_on><sys_user/><type/></sys_ui_element><sys_ui_element action="INSERT_OR_UPDATE"><element>version</element><position>8</position><sys_created_by>sureshp</sys_created_by><sys_created_on>2021-06-21 15:47:18</sys_created_on><sys_id>546854c7db343450dbe82729139619bb</sys_id><sys_mod_count>0</sys_mod_count><sys_ui_formatter/><sys_ui_section caption="NULL" display_value="" name="cmdb_ci_cloud_object_storage" sys_domain="global" view="Default view">f23572461bb718108e614156bc4bcbaf</sys_ui_section><sys_updated_by>sureshp</sys_updated_by><sys_updated_on>2021-06-21 15:47:18</sys_updated_on><sys_user/><type/></sys_ui_element><sys_ui_element action="INSERT_OR_UPDATE"><element>tcp_port</element><position>9</position><sys_created_by>sureshp</sys_created_by><sys_created_on>2021-06-21 15:47:18</sys_created_on><sys_id>d46854c7db343450dbe82729139619bb</sys_id><sys_mod_count>0</sys_mod_count><sys_ui_formatter/><sys_ui_section caption="NULL" display_value="" name="cmdb_ci_cloud_object_storage" sys_domain="global" view="Default view">f23572461bb718108e614156bc4bcbaf</sys_ui_section><sys_updated_by>sureshp</sys_updated_by><sys_updated_on>2021-06-21 15:47:18</sys_updated_on><sys_user/><type/></sys_ui_element><sys_ui_element action="INSERT_OR_UPDATE"><element>install_date</element><position>10</position><sys_created_by>sureshp</sys_created_by><sys_created_on>2021-06-21 15:47:18</sys_created_on><sys_id>586854c7db343450dbe82729139619bb</sys_id><sys_mod_count>0</sys_mod_count><sys_ui_formatter/><sys_ui_section caption="NULL" display_value="" name="cmdb_ci_cloud_object_storage" sys_domain="global" view="Default view">f23572461bb718108e614156bc4bcbaf</sys_ui_section><sys_updated_by>sureshp</sys_updated_by><sys_updated_on>2021-06-21 15:47:18</sys_updated_on><sys_user/><type/></sys_ui_element><sys_ui_element action="INSERT_OR_UPDATE"><element>category</element><position>11</position><sys_created_by>sureshp</sys_created_by><sys_created_on>2021-06-21 15:47:18</sys_created_on><sys_id>d86854c7db343450dbe82729139619bb</sys_id><sys_mod_count>0</sys_mod_count><sys_ui_formatter/><sys_ui_section caption="NULL" display_value="" name="cmdb_ci_cloud_object_storage" sys_domain="global" view="Default view">f23572461bb718108e614156bc4bcbaf</sys_ui_section><sys_updated_by>sureshp</sys_updated_by><sys_updated_on>2021-06-21 15:47:18</sys_updated_on><sys_user/><type/></sys_ui_element><sys_ui_element action="INSERT_OR_UPDATE"><element>.end_split</element><position>12</position><sys_created_by>sureshp</sys_created_by><sys_created_on>2021-06-21 15:47:18</sys_created_on><sys_id>5c6854c7db343450dbe82729139619bb</sys_id><sys_mod_count>0</sys_mod_count><sys_ui_formatter/><sys_ui_section caption="NULL" display_value="" name="cmdb_ci_cloud_object_storage" sys_domain="global" view="Default view">f23572461bb718108e614156bc4bcbaf</sys_ui_section><sys_updated_by>sureshp</sys_updated_by><sys_updated_on>2021-06-21 15:47:18</sys_updated_on><sys_user/><type>.end_split</type></sys_ui_element><sys_ui_element action="INSERT_OR_UPDATE"><element>ui_ng_relation_formatter.xml</element><position>13</position><sys_created_by>sureshp</sys_created_by><sys_created_on>2021-06-21 15:47:18</sys_created_on><sys_id>dc6854c7db343450dbe82729139619bb</sys_id><sys_mod_count>0</sys_mod_count><sys_ui_formatter display_value="CI Relations">b62309137f32310009fedf92bdfa912b</sys_ui_formatter><sys_ui_section caption="NULL" display_value="" name="cmdb_ci_cloud_object_storage" sys_domain="global" view="Default view">f23572461bb718108e614156bc4bcbaf</sys_ui_section><sys_updated_by>sureshp</sys_updated_by><sys_updated_on>2021-06-21 15:47:18</sys_updated_on><sys_user/><type>formatter</type></sys_ui_element><sys_ui_section action="INSERT_OR_UPDATE"><caption/><header>false</header><name>cmdb_ci_cloud_object_storage</name><roles/><sys_class_name>sys_ui_section</sys_class_name><sys_created_by>sureshp</sys_created_by><sys_created_on>2020-10-13 11:24:43</sys_created_on><sys_domain>global</sys_domain><sys_domain_path>/</sys_domain_path><sys_id>f23572461bb718108e614156bc4bcbaf</sys_id><sys_mod_count>0</sys_mod_count><sys_name>cmdb_ci_cloud_object_storage</sys_name><sys_overrides/><sys_package display_value="Discovery and Service Mapping Patterns" source="sn_itom_pattern">06a71b1367e4130051c9027e2685ef1e</sys_package><sys_policy/><sys_scope display_value="Discovery and Service Mapping Patterns">06a71b1367e4130051c9027e2685ef1e</sys_scope><sys_update_name>sys_ui_section_f23572461bb718108e614156bc4bcbaf</sys_update_name><sys_updated_by>sureshp</sys_updated_by><sys_updated_on>2020-10-13 11:24:43</sys_updated_on><sys_user/><title>true</title><view display_value="Default view" name="NULL">Default view</view><view_name/></sys_ui_section></sys_ui_section></record_update>]]></payload>
<payload_hash>7261643</payload_hash>
<remote_update_set display_value="AppRegistry_S3_form view">642d5307db787450dbe82729139619f9</remote_update_set>
<replace_on_upgrade>false</replace_on_upgrade>
<sys_created_by>sureshp</sys_created_by>
<sys_created_on>2021-06-22 06:06:56</sys_created_on>
<sys_id>a82d5307db787450dbe82729139619f9</sys_id>
<sys_mod_count>0</sys_mod_count>
<sys_recorded_at>17a2f412c950000001</sys_recorded_at>
<sys_updated_by>sureshp</sys_updated_by>
<sys_updated_on>2021-06-22 06:06:56</sys_updated_on>
<table>cmdb_ci_cloud_object_storage</table>
<target_name>Cloud Object Storage</target_name>
<type>Form Layout</type>
<update_domain>global</update_domain>
<update_guid>dc6854c76f3434502c90b9142a0ce8bd</update_guid>
<update_guid_history>dc6854c76f3434502c90b9142a0ce8bd:7261643,e9859cc3443434505cd10804976165a3:-1015573233,639e8083ed307450029f11c53cd414fb:-1589753635,dc7ec48b53f0345083bfdc7f7f82cf43:-1625062843,453e808bb9f03450f7c2e978d877a6a4:1495747559,73da3f2b88c438100412a9285edbe90b:1061510908,7b93861d90807c508b98670b46a5ed91:1949218529,749bf682d2b3a050d14d3d824b3e0226:1058174499,a57b76828db3a050b890953c87f3e663:603072809,80072eb60c6fe41034bd0735418741b1:-644142368,c78356fe706be410b69fb5a7b08d5fcc:308995689,b05392feb76be4109c040f4e9e2a25ac:921973233,7c5392fe616be4106f65101f15c3001e:-903281149</update_guid_history>
<update_set display_value=""/>
<view/>
</sys_update_xml>
</unload>
